{"cameraMode":{"drawMode":0,"name":"Shaded","section":"Shading Mode"},"sceneLighting":false,"audioPlay":false,"sceneViewState":{"m_AlwaysRefresh":false,"showFog":true,"showSkybox":false,"showFlares":true,"showImageEffects":true,"showParticleSystems":true,"showVisualEffectGraphs":true,"m_FxEnabled":true},"in2DMode":false,"pivot":{"x":0.4596691131591797,"y":2.8437817096710207,"z":-0.4606361389160156},"rotation":{"x":-0.004321845714002848,"y":0.9592112302780151,"z":-0.014686321839690209,"w":-0.2822750508785248},"size":6.542765140533447,"orthographic":false}