{"cameraMode":{"drawMode":0,"name":"Shaded","section":"Shading Mode"},"sceneLighting":true,"audioPlay":false,"sceneViewState":{"m_AlwaysRefresh":false,"showFog":true,"showSkybox":true,"showFlares":true,"showImageEffects":true,"showParticleSystems":true,"showVisualEffectGraphs":true,"m_FxEnabled":true},"in2DMode":false,"pivot":{"x":0.29690074920654299,"y":9.425664901733399,"z":3.4801082611083986},"rotation":{"x":-0.06644350290298462,"y":-0.10962388664484024,"z":0.007345240097492933,"w":-0.9917274713516235},"size":28.289960861206056,"orthographic":false}