{"cameraMode":{"drawMode":0,"name":"Shaded","section":"Shading Mode"},"sceneLighting":true,"audioPlay":false,"sceneViewState":{"m_AlwaysRefresh":false,"showFog":true,"showSkybox":true,"showFlares":true,"showImageEffects":true,"showParticleSystems":true,"showVisualEffectGraphs":true,"m_FxEnabled":true},"in2DMode":false,"pivot":{"x":-3.4822559356689455,"y":4.714836597442627,"z":1.7179207801818848},"rotation":{"x":0.006219550967216492,"y":0.9936138391494751,"z":-0.06986446678638458,"w":0.08849366009235382},"size":13.308517456054688,"orthographic":false}